<?xml version='1.0' encoding='UTF-8'?>
<export version="R6#5">
	<product id='9'>
	<pkey>BELKP</pkey>
	<planningPokerGameType>1</planningPokerGameType>
	<startDate>2013-10-16 00:00:00</startDate>
	<endDate>2013-11-15 00:00:00</endDate>
	<lastUpdated>2013-10-13 20:55:29</lastUpdated>
	<dateCreated>2013-10-13 19:55:10</dateCreated>
	<name><![CDATA[Be-lookup]]></name>
	<description><![CDATA[Plateforme internet/ application / sms
crowd sourcing
modulable
informations locales
disponibilite
unification/identite
language/localisation/personalisation
utile/pratique
rapidite
simple/facile/intuitif
fiable]]></description>
	<preferences>
		<hidden>false</hidden>
		<url></url>
		<noEstimation>false</noEstimation>
		<autoDoneStory>false</autoDoneStory>
		<displayRecurrentTasks>true</displayRecurrentTasks>
		<displayUrgentTasks>true</displayUrgentTasks>
		<assignOnCreateTask>false</assignOnCreateTask>
		<assignOnBeginTask>true</assignOnBeginTask>
		<autoCreateTaskOnEmptyStory>false</autoCreateTaskOnEmptyStory>
		<limitUrgentTasks>0</limitUrgentTasks>
		<estimatedSprintsDuration>7</estimatedSprintsDuration>
		<hideWeekend>false</hideWeekend>
		<sprintPlanningHour>9:00</sprintPlanningHour>
		<releasePlanningHour>9:00</releasePlanningHour>
		<dailyMeetingHour>11:00</dailyMeetingHour>
		<sprintReviewHour>14:00</sprintReviewHour>
		<sprintRetrospectiveHour>16:00</sprintRetrospectiveHour>
		<timezone>Africa/Abidjan</timezone>
	</preferences>
	<teams>

		<team uid='867dfc6aa07648e1e47ca7b9b26664f6'>
			<velocity>0</velocity>
			<dateCreated>2013-10-13 19:55:09</dateCreated>
			<name><![CDATA[Be-lookup team 2013-10-13 19:55:09.264]]></name>
			<description/>
			<preferences>
				<allowNewMembers>false</allowNewMembers>
			</preferences>
			<members>
				<user uid='6b720ed473612ebbc311fe76aa427db9'>
					<id>12</id>
					<username>arsene.ndzana</username>
					<password>3efbb44b74f466ceccfed9e1a3f5c7e68ba858fc8d7480cdc395718c7f827934</password>
					<email>arsene.ndzana@bewaka.net</email>
					<dateCreated>2013-10-13 19:45:59</dateCreated>
					<enabled>true</enabled>
					<accountExpired>false</accountExpired>
					<accountLocked>false</accountLocked>
					<passwordExpired>false</passwordExpired>
					<accountExternal>false</accountExternal>
					<lastName><![CDATA[Ndzana]]></lastName>
					<firstName><![CDATA[Arsene]]></firstName>
					<preferences>
						<language><![CDATA[en]]></language>
						<activity><![CDATA[]]></activity>
						<filterTask><![CDATA[allTasks]]></filterTask>
						<menu><![CDATA[[project:1, sprintPlan:6, releasePlan:5, backlog:3, sandbox:2, timeline:4]]]></menu>
						<menuHidden><![CDATA[[feature:2, actor:1]]]></menuHidden>
						<hideDoneState><![CDATA[false]]></hideDoneState>
					</preferences>
					<teams>
						<team uid='867dfc6aa07648e1e47ca7b9b26664f6'/>
					</teams>
				</user>
				<user uid='029ab5b5f66137077b68ae91e4ec9df5'>
					<id>8</id>
					<username>martinien.olinga</username>
					<password>3efbb44b74f466ceccfed9e1a3f5c7e68ba858fc8d7480cdc395718c7f827934</password>
					<email>martinien.olinga@gmail.com</email>
					<dateCreated>2013-10-13 19:36:07</dateCreated>
					<enabled>true</enabled>
					<accountExpired>false</accountExpired>
					<accountLocked>false</accountLocked>
					<passwordExpired>false</passwordExpired>
					<accountExternal>false</accountExternal>
					<lastName><![CDATA[Olinga]]></lastName>
					<firstName><![CDATA[Martinien]]></firstName>
					<preferences>
						<language><![CDATA[en]]></language>
						<activity><![CDATA[]]></activity>
						<filterTask><![CDATA[allTasks]]></filterTask>
						<menu><![CDATA[[project:1, sprintPlan:6, releasePlan:5, backlog:3, sandbox:2, timeline:4]]]></menu>
						<menuHidden><![CDATA[[feature:2, actor:1]]]></menuHidden>
						<hideDoneState><![CDATA[false]]></hideDoneState>
					</preferences>
					<teams>
						<team uid='867dfc6aa07648e1e47ca7b9b26664f6'/>
					</teams>
				</user>
				<user uid='2b13fffbe920af92bc098d5f36b6f58c'>
					<id>10</id>
					<username>raoul.tchawe</username>
					<password>3efbb44b74f466ceccfed9e1a3f5c7e68ba858fc8d7480cdc395718c7f827934</password>
					<email>raoul.tchawe@bewaka.net</email>
					<dateCreated>2013-10-13 19:38:53</dateCreated>
					<enabled>true</enabled>
					<accountExpired>false</accountExpired>
					<accountLocked>false</accountLocked>
					<passwordExpired>false</passwordExpired>
					<accountExternal>false</accountExternal>
					<lastName><![CDATA[Tchawe]]></lastName>
					<firstName><![CDATA[Raoul]]></firstName>
					<preferences>
						<language><![CDATA[en]]></language>
						<activity><![CDATA[]]></activity>
						<filterTask><![CDATA[allTasks]]></filterTask>
						<menu><![CDATA[[project:1, sprintPlan:6, releasePlan:5, backlog:3, sandbox:2, timeline:4]]]></menu>
						<menuHidden><![CDATA[[feature:2, actor:1]]]></menuHidden>
						<hideDoneState><![CDATA[false]]></hideDoneState>
					</preferences>
					<teams>
						<team uid='867dfc6aa07648e1e47ca7b9b26664f6'/>
					</teams>
				</user>
				<user uid='f0fc77cf4aa37db86281a2c48d2813ee'>
					<id>7</id>
					<username>patrick.kom</username>
					<password>3efbb44b74f466ceccfed9e1a3f5c7e68ba858fc8d7480cdc395718c7f827934</password>
					<email>komp76@gmail.com</email>
					<dateCreated>2013-10-13 19:35:17</dateCreated>
					<enabled>true</enabled>
					<accountExpired>false</accountExpired>
					<accountLocked>false</accountLocked>
					<passwordExpired>false</passwordExpired>
					<accountExternal>false</accountExternal>
					<lastName><![CDATA[Kom]]></lastName>
					<firstName><![CDATA[patrick]]></firstName>
					<preferences>
						<language><![CDATA[en]]></language>
						<activity><![CDATA[]]></activity>
						<filterTask><![CDATA[allTasks]]></filterTask>
						<menu><![CDATA[[project:1, sprintPlan:6, releasePlan:5, backlog:3, sandbox:2, timeline:4]]]></menu>
						<menuHidden><![CDATA[[feature:2, actor:1]]]></menuHidden>
						<hideDoneState><![CDATA[false]]></hideDoneState>
					</preferences>
					<teams>
						<team uid='867dfc6aa07648e1e47ca7b9b26664f6'/>
					</teams>
				</user>
				<user uid='05992ed0a9053780220a069141f0c9e1'>
					<id>6</id>
					<username>patrick.ehode</username>
					<password>dfc18fc91fc8cefdbabf3628140d7ac07a09554847ebd7313d36355a5957e025</password>
					<email>pehode@gmail.com</email>
					<dateCreated>2013-10-13 19:25:37</dateCreated>
					<enabled>true</enabled>
					<accountExpired>false</accountExpired>
					<accountLocked>false</accountLocked>
					<passwordExpired>false</passwordExpired>
					<accountExternal>false</accountExternal>
					<lastName><![CDATA[Ehode]]></lastName>
					<firstName><![CDATA[Patrick]]></firstName>
					<preferences>
						<language><![CDATA[en]]></language>
						<activity><![CDATA[Core team]]></activity>
						<filterTask><![CDATA[allTasks]]></filterTask>
						<menu><![CDATA[[project:1, sprintPlan:6, releasePlan:5, backlog:3, sandbox:2, timeline:4]]]></menu>
						<menuHidden><![CDATA[[feature:2, actor:1]]]></menuHidden>
						<hideDoneState><![CDATA[false]]></hideDoneState>
					</preferences>
					<teams>
						<team uid='867dfc6aa07648e1e47ca7b9b26664f6'/>
					</teams>
				</user>
				<user uid='3fd3e6204a6df2fe315d76ec0f5ab073'>
					<id>11</id>
					<username>samuel.besong</username>
					<password>3efbb44b74f466ceccfed9e1a3f5c7e68ba858fc8d7480cdc395718c7f827934</password>
					<email>samuel.besong@bewaka.net</email>
					<dateCreated>2013-10-13 19:45:11</dateCreated>
					<enabled>true</enabled>
					<accountExpired>false</accountExpired>
					<accountLocked>false</accountLocked>
					<passwordExpired>false</passwordExpired>
					<accountExternal>false</accountExternal>
					<lastName><![CDATA[Besong]]></lastName>
					<firstName><![CDATA[samuel]]></firstName>
					<preferences>
						<language><![CDATA[en]]></language>
						<activity><![CDATA[]]></activity>
						<filterTask><![CDATA[allTasks]]></filterTask>
						<menu><![CDATA[[project:1, sprintPlan:6, releasePlan:5, backlog:3, sandbox:2, timeline:4]]]></menu>
						<menuHidden><![CDATA[[feature:2, actor:1]]]></menuHidden>
						<hideDoneState><![CDATA[false]]></hideDoneState>
					</preferences>
					<teams>
						<team uid='867dfc6aa07648e1e47ca7b9b26664f6'/>
					</teams>
				</user>
			</members>
			<scrumMasters>
				<scrumMaster uid='05992ed0a9053780220a069141f0c9e1'/>
				<scrumMaster uid='f0fc77cf4aa37db86281a2c48d2813ee'/>
				<scrumMaster uid='029ab5b5f66137077b68ae91e4ec9df5'/>
			</scrumMasters>
		</team>
	</teams>
	<features>
		<feature uid='1'>
			<color>red</color>
			<value>1</value>
			<type>0</type>
			<rank>1</rank>
			<creationDate>2013-10-13 19:58:49</creationDate>
			<name><![CDATA[Interface end users]]></name>
			<notes/>
			<description><![CDATA[Fournir l'interface pour les end users pour qu'ils effectuent leur recherche et obtiennent le resultat de leur requete.]]></description>
			<tags><![CDATA[[interface]]]></tags>
			<stories>
				<story uid='1'/>
			</stories>
			<attachments/>
		</feature>
		<feature uid='2'>
			<color>red</color>
			<value>2</value>
			<type>0</type>
			<rank>2</rank>
			<creationDate>2013-10-13 20:00:07</creationDate>
			<name><![CDATA[Wiseapps Wakidev]]></name>
			<notes/>
			<description><![CDATA[Recevoir les wiseapps developpes par les wakidevs]]></description>
			<tags><![CDATA[[wakidev]]]></tags>
			<stories>
				<story uid='9'/>
				<story uid='10'/>
				<story uid='7'/>
				<story uid='8'/>
				<story uid='5'/>
				<story uid='6'/>
			</stories>
			<attachments/>
		</feature>
		<feature uid='3'>
			<color>blue</color>
			<value>3</value>
			<type>1</type>
			<rank>3</rank>
			<creationDate>2013-10-13 20:01:07</creationDate>
			<name><![CDATA[Bac a sable wiseapps]]></name>
			<notes/>
			<description><![CDATA[Definir le bac a sable pour les wiseapps.]]></description>
			<tags><![CDATA[[]]]></tags>
			<stories>
				<story uid='4'/>
			</stories>
			<attachments/>
		</feature>
		<feature uid='4'>
			<color>blue</color>
			<value>3</value>
			<type>0</type>
			<rank>4</rank>
			<creationDate>2013-10-13 20:02:24</creationDate>
			<name><![CDATA[Wisapps wakidat]]></name>
			<notes/>
			<description><![CDATA[recevoir les donnees envoyes par les wakidats]]></description>
			<tags><![CDATA[[wakidat, wisapps]]]></tags>
			<stories>
				<story uid='12'/>
				<story uid='13'/>
				<story uid='3'/>
				<story uid='11'/>
			</stories>
			<attachments/>
		</feature>
		<feature uid='5'>
			<color>blue</color>
			<value>5</value>
			<type>0</type>
			<rank>5</rank>
			<creationDate>2013-10-13 20:03:21</creationDate>
			<name><![CDATA[Interface wisapps]]></name>
			<notes/>
			<description><![CDATA[Fournir l'interface de soumission des wisapps par les wakidats]]></description>
			<tags><![CDATA[[interface]]]></tags>
			<stories>
				<story uid='2'/>
			</stories>
			<attachments/>
		</feature>
		<feature uid='6'>
			<color>blue</color>
			<value>6</value>
			<type>0</type>
			<rank>6</rank>
			<creationDate>2013-10-13 20:03:54</creationDate>
			<name><![CDATA[Administration des wisapps]]></name>
			<notes/>
			<description/>
			<tags><![CDATA[[wisapps]]]></tags>
			<stories>
				<story uid='23'/>
			</stories>
			<attachments/>
		</feature>
		<feature uid='7'>
			<color>blue</color>
			<value>7</value>
			<type>0</type>
			<rank>7</rank>
			<creationDate>2013-10-13 20:04:49</creationDate>
			<name><![CDATA[controle des datas wakidats]]></name>
			<notes/>
			<description><![CDATA[Permettre le controle ou l'audit des donnees soumises par les Wakidats]]></description>
			<tags><![CDATA[[wakidat]]]></tags>
			<stories/>
			<attachments/>
		</feature>
		<feature uid='8'>
			<color>blue</color>
			<value>8</value>
			<type>0</type>
			<rank>8</rank>
			<creationDate>2013-10-13 20:05:40</creationDate>
			<name><![CDATA[administration des donnees Wakidats]]></name>
			<notes/>
			<description><![CDATA[Permettre l'administration des donnees soumises par les wakidats.]]></description>
			<tags><![CDATA[[wakidat]]]></tags>
			<stories>
				<story uid='24'/>
			</stories>
			<attachments/>
		</feature>
		<feature uid='9'>
			<color>blue</color>
			<value>9</value>
			<type>0</type>
			<rank>9</rank>
			<creationDate>2013-10-13 20:06:51</creationDate>
			<name><![CDATA[Execution des wisapps]]></name>
			<notes/>
			<description><![CDATA[Rediriger les donnees vers les wisapps adequates.]]></description>
			<tags><![CDATA[[wisapps]]]></tags>
			<stories>
				<story uid='18'/>
				<story uid='16'/>
				<story uid='15'/>
				<story uid='14'/>
				<story uid='17'/>
			</stories>
			<attachments/>
		</feature>
		<feature uid='10'>
			<color>blue</color>
			<value>10</value>
			<type>0</type>
			<rank>10</rank>
			<creationDate>2013-10-13 20:07:28</creationDate>
			<name><![CDATA[Gestion de profil]]></name>
			<notes/>
			<description><![CDATA[Gerer le profil des utilisateur de la plateforme]]></description>
			<tags><![CDATA[[]]]></tags>
			<stories>
				<story uid='21'/>
				<story uid='22'/>
				<story uid='19'/>
				<story uid='20'/>
			</stories>
			<attachments/>
		</feature>
	</features>
	<releases>
		<release id='10'>
			<state>2</state>
			<releaseVelocity>0.0</releaseVelocity>
			<endDate>2013-11-15 00:00:00</endDate>
			<startDate>2013-10-16 00:00:00</startDate>
			<orderNumber>1</orderNumber>
			<lastUpdated>2013-10-13 19:55:11</lastUpdated>
			<dateCreated>2013-10-13 19:55:11</dateCreated>
			<name><![CDATA[R1]]></name>
			<vision/>
			<description/>
			<goal/>
			<sprints>
				<sprint id='11'>
					<state>1</state>
					<dailyWorkTime>8.0</dailyWorkTime>
					<velocity>0.0</velocity>
					<capacity>0.0</capacity>
					<endDate>2013-10-25 00:00:00</endDate>
					<startDate>2013-10-19 00:00:00</startDate>
					<orderNumber>1</orderNumber>
					<activationDate/>
					<closeDate/>
					<lastUpdated>2013-10-13 19:55:11</lastUpdated>
					<dateCreated>2013-10-13 19:55:11</dateCreated>
					<retrospective/>
					<doneDefinition/>
					<description/>
					<goal><![CDATA[Generated Sprint]]></goal>
					<tasks/>
					<stories/>
					<cliches/>
					<attachments/>
				</sprint>
				<sprint id='12'>
					<state>1</state>
					<dailyWorkTime>8.0</dailyWorkTime>
					<velocity>0.0</velocity>
					<capacity>0.0</capacity>
					<endDate>2013-11-01 00:00:00</endDate>
					<startDate>2013-10-26 00:00:00</startDate>
					<orderNumber>2</orderNumber>
					<activationDate/>
					<closeDate/>
					<lastUpdated>2013-10-13 19:55:11</lastUpdated>
					<dateCreated>2013-10-13 19:55:11</dateCreated>
					<retrospective/>
					<doneDefinition/>
					<description/>
					<goal><![CDATA[Generated Sprint]]></goal>
					<tasks/>
					<stories/>
					<cliches/>
					<attachments/>
				</sprint>
				<sprint id='13'>
					<state>1</state>
					<dailyWorkTime>8.0</dailyWorkTime>
					<velocity>0.0</velocity>
					<capacity>0.0</capacity>
					<endDate>2013-11-08 00:00:00</endDate>
					<startDate>2013-11-02 00:00:00</startDate>
					<orderNumber>3</orderNumber>
					<activationDate/>
					<closeDate/>
					<lastUpdated>2013-10-13 19:55:11</lastUpdated>
					<dateCreated>2013-10-13 19:55:11</dateCreated>
					<retrospective/>
					<doneDefinition/>
					<description/>
					<goal><![CDATA[Generated Sprint]]></goal>
					<tasks/>
					<stories/>
					<cliches/>
					<attachments/>
				</sprint>
				<sprint id='14'>
					<state>1</state>
					<dailyWorkTime>8.0</dailyWorkTime>
					<velocity>0.0</velocity>
					<capacity>0.0</capacity>
					<endDate>2013-11-15 00:00:00</endDate>
					<startDate>2013-11-09 00:00:00</startDate>
					<orderNumber>4</orderNumber>
					<activationDate/>
					<closeDate/>
					<lastUpdated>2013-10-13 19:55:11</lastUpdated>
					<dateCreated>2013-10-13 19:55:11</dateCreated>
					<retrospective/>
					<doneDefinition/>
					<description/>
					<goal><![CDATA[Generated Sprint]]></goal>
					<tasks/>
					<stories/>
					<cliches/>
					<attachments/>
				</sprint>
			</sprints>
			<cliches/>
			<features/>
			<attachments/>
		</release>
	</releases>
	<actors/>
	<stories>

		<story uid='5'>
			<state>1</state>
			<suggestedDate>2013-10-13 20:32:17</suggestedDate>
			<acceptedDate/>
			<estimatedDate/>
			<plannedDate/>
			<inProgressDate/>
			<doneDate/>
			<effort/>
			<value>0</value>
			<rank>0</rank>
			<creationDate>2013-10-13 20:32:17</creationDate>
			<type>0</type>
			<executionFrequency>1</executionFrequency>
			<name><![CDATA[Base de donnee]]></name>
			<textAs/>
			<textICan/>
			<textTo/>
			<notes/>
			<description><![CDATA[Definir une base de donnees avec les attributs correspondant au classes envoyees au developpeurs.]]></description>
			<tags><![CDATA[[wisapps]]]></tags>
			<creator uid='05992ed0a9053780220a069141f0c9e1'/>
			<feature uid='2'/>
			<actor />
			<dependsOn />
			<tasks/>
			<acceptanceTests/>
			<comments/>
			<activities>

				<activity id='5'>
					<dateCreated>2013-10-13 20:32:17</dateCreated>
					<posterId>6</posterId>
					<posterClass>org.icescrum.core.domain.User</posterClass>
					<code>save</code>
					<cachedLabel><![CDATA[Base de donnee]]></cachedLabel>
					<cachedDescription/>
				</activity>
			</activities>
			<attachments/>
		</story>

		<story uid='12'>
			<state>1</state>
			<suggestedDate>2013-10-13 20:40:31</suggestedDate>
			<acceptedDate/>
			<estimatedDate/>
			<plannedDate/>
			<inProgressDate/>
			<doneDate/>
			<effort/>
			<value>0</value>
			<rank>0</rank>
			<creationDate>2013-10-13 20:40:31</creationDate>
			<type>0</type>
			<executionFrequency>1</executionFrequency>
			<name><![CDATA[visualiser l'historique de donnees ]]></name>
			<textAs/>
			<textICan/>
			<textTo/>
			<notes/>
			<description><![CDATA[visualiser l'historique des donnees envoyees par le wakidat]]></description>
			<tags><![CDATA[[wakidat]]]></tags>
			<creator uid='05992ed0a9053780220a069141f0c9e1'/>
			<feature uid='4'/>
			<actor />
			<dependsOn />
			<tasks/>
			<acceptanceTests/>
			<comments/>
			<activities>

				<activity id='12'>
					<dateCreated>2013-10-13 20:40:31</dateCreated>
					<posterId>6</posterId>
					<posterClass>org.icescrum.core.domain.User</posterClass>
					<code>save</code>
					<cachedLabel><![CDATA[visualiser l'historique de donnees ]]></cachedLabel>
					<cachedDescription/>
				</activity>
			</activities>
			<attachments/>
		</story>

		<story uid='17'>
			<state>2</state>
			<suggestedDate>2013-10-13 20:45:40</suggestedDate>
			<acceptedDate>2013-10-13 20:58:27</acceptedDate>
			<estimatedDate/>
			<plannedDate/>
			<inProgressDate/>
			<doneDate/>
			<effort/>
			<value>0</value>
			<rank>1</rank>
			<creationDate>2013-10-13 20:45:40</creationDate>
			<type>0</type>
			<executionFrequency>1</executionFrequency>
			<name><![CDATA[Execution sample]]></name>
			<textAs/>
			<textICan/>
			<textTo/>
			<notes/>
			<description><![CDATA[Executer 5 wisapps max et proposer le reste en suggestion a l'utilisateur]]></description>
			<tags><![CDATA[[wisapps]]]></tags>
			<creator uid='05992ed0a9053780220a069141f0c9e1'/>
			<feature uid='9'/>
			<actor />
			<dependsOn />
			<tasks/>
			<acceptanceTests/>
			<comments/>
			<activities>

				<activity id='17'>
					<dateCreated>2013-10-13 20:45:40</dateCreated>
					<posterId>6</posterId>
					<posterClass>org.icescrum.core.domain.User</posterClass>
					<code>save</code>
					<cachedLabel><![CDATA[Execution sample]]></cachedLabel>
					<cachedDescription/>
				</activity>

				<activity id='25'>
					<dateCreated>2013-10-13 20:58:27</dateCreated>
					<posterId>6</posterId>
					<posterClass>org.icescrum.core.domain.User</posterClass>
					<code>acceptAs</code>
					<cachedLabel><![CDATA[Execution sample]]></cachedLabel>
					<cachedDescription/>
				</activity>
			</activities>
			<attachments/>
		</story>

		<story uid='1'>
			<state>1</state>
			<suggestedDate>2013-10-13 20:16:42</suggestedDate>
			<acceptedDate/>
			<estimatedDate/>
			<plannedDate/>
			<inProgressDate/>
			<doneDate/>
			<effort/>
			<value>0</value>
			<rank>0</rank>
			<creationDate>2013-10-13 20:16:42</creationDate>
			<type>0</type>
			<executionFrequency>1</executionFrequency>
			<name><![CDATA[Entrer une requete et obtenir un resultat IHM]]></name>
			<textAs/>
			<textICan/>
			<textTo/>
			<notes/>
			<description><![CDATA[Zone de requete
zone de resultat des wisapps/proposition initiales
zone de visualisation du wisapps selectionne
zone de suggestions/ wisapps preferes
avoir les infos de profils
]]></description>
			<tags><![CDATA[[ihm]]]></tags>
			<creator uid='05992ed0a9053780220a069141f0c9e1'/>
			<feature uid='1'/>
			<actor />
			<dependsOn />
			<tasks/>
			<acceptanceTests/>
			<comments/>
			<activities>

				<activity id='1'>
					<dateCreated>2013-10-13 20:16:42</dateCreated>
					<posterId>6</posterId>
					<posterClass>org.icescrum.core.domain.User</posterClass>
					<code>save</code>
					<cachedLabel><![CDATA[Entrer une requete et obtenir un resultat IHM]]></cachedLabel>
					<cachedDescription/>
				</activity>
			</activities>
			<attachments/>
		</story>

		<story uid='20'>
			<state>1</state>
			<suggestedDate>2013-10-13 20:49:37</suggestedDate>
			<acceptedDate/>
			<estimatedDate/>
			<plannedDate/>
			<inProgressDate/>
			<doneDate/>
			<effort/>
			<value>0</value>
			<rank>0</rank>
			<creationDate>2013-10-13 20:49:37</creationDate>
			<type>0</type>
			<executionFrequency>1</executionFrequency>
			<name><![CDATA[Editer le profil]]></name>
			<textAs/>
			<textICan/>
			<textTo/>
			<notes/>
			<description/>
			<tags><![CDATA[[]]]></tags>
			<creator uid='05992ed0a9053780220a069141f0c9e1'/>
			<feature uid='10'/>
			<actor />
			<dependsOn />
			<tasks/>
			<acceptanceTests/>
			<comments/>
			<activities>

				<activity id='20'>
					<dateCreated>2013-10-13 20:49:37</dateCreated>
					<posterId>6</posterId>
					<posterClass>org.icescrum.core.domain.User</posterClass>
					<code>save</code>
					<cachedLabel><![CDATA[Editer le profil]]></cachedLabel>
					<cachedDescription/>
				</activity>
			</activities>
			<attachments/>
		</story>

		<story uid='2'>
			<state>1</state>
			<suggestedDate>2013-10-13 20:18:59</suggestedDate>
			<acceptedDate/>
			<estimatedDate/>
			<plannedDate/>
			<inProgressDate/>
			<doneDate/>
			<effort/>
			<value>0</value>
			<rank>0</rank>
			<creationDate>2013-10-13 20:18:59</creationDate>
			<type>0</type>
			<executionFrequency>1</executionFrequency>
			<name><![CDATA[Soumission des wisapps: IHM]]></name>
			<textAs/>
			<textICan/>
			<textTo/>
			<notes/>
			<description><![CDATA[editer les attributs du wisapps 
Indiquer la procedure de MAJ des donnees du wisapps
importer un fichier
Reclamer la renumeration]]></description>
			<tags><![CDATA[[ihm]]]></tags>
			<creator uid='05992ed0a9053780220a069141f0c9e1'/>
			<feature uid='5'/>
			<actor />
			<dependsOn />
			<tasks/>
			<acceptanceTests/>
			<comments/>
			<activities>

				<activity id='2'>
					<dateCreated>2013-10-13 20:18:59</dateCreated>
					<posterId>6</posterId>
					<posterClass>org.icescrum.core.domain.User</posterClass>
					<code>save</code>
					<cachedLabel><![CDATA[Soumission des wisapps: IHM]]></cachedLabel>
					<cachedDescription/>
				</activity>
			</activities>
			<attachments/>
		</story>

		<story uid='21'>
			<state>1</state>
			<suggestedDate>2013-10-13 20:50:34</suggestedDate>
			<acceptedDate/>
			<estimatedDate/>
			<plannedDate/>
			<inProgressDate/>
			<doneDate/>
			<effort/>
			<value>0</value>
			<rank>0</rank>
			<creationDate>2013-10-13 20:50:34</creationDate>
			<type>0</type>
			<executionFrequency>1</executionFrequency>
			<name><![CDATA[Preference]]></name>
			<textAs/>
			<textICan/>
			<textTo/>
			<notes/>
			<description><![CDATA[Tag, centre d'interet pour charger les wisapps vers son profil. Personalisation.]]></description>
			<tags><![CDATA[[]]]></tags>
			<creator uid='05992ed0a9053780220a069141f0c9e1'/>
			<feature uid='10'/>
			<actor />
			<dependsOn />
			<tasks/>
			<acceptanceTests/>
			<comments/>
			<activities>

				<activity id='21'>
					<dateCreated>2013-10-13 20:50:34</dateCreated>
					<posterId>6</posterId>
					<posterClass>org.icescrum.core.domain.User</posterClass>
					<code>save</code>
					<cachedLabel><![CDATA[Preference]]></cachedLabel>
					<cachedDescription/>
				</activity>
			</activities>
			<attachments/>
		</story>

		<story uid='6'>
			<state>1</state>
			<suggestedDate>2013-10-13 20:33:02</suggestedDate>
			<acceptedDate/>
			<estimatedDate/>
			<plannedDate/>
			<inProgressDate/>
			<doneDate/>
			<effort/>
			<value>0</value>
			<rank>0</rank>
			<creationDate>2013-10-13 20:33:02</creationDate>
			<type>0</type>
			<executionFrequency>1</executionFrequency>
			<name><![CDATA[Parseur]]></name>
			<textAs/>
			<textICan/>
			<textTo/>
			<notes/>
			<description><![CDATA[Parseur recensant l'ensemble des classes presentes dans la base de donnees]]></description>
			<tags><![CDATA[[wisapps]]]></tags>
			<creator uid='05992ed0a9053780220a069141f0c9e1'/>
			<feature uid='2'/>
			<actor />
			<dependsOn />
			<tasks/>
			<acceptanceTests/>
			<comments/>
			<activities>

				<activity id='6'>
					<dateCreated>2013-10-13 20:33:02</dateCreated>
					<posterId>6</posterId>
					<posterClass>org.icescrum.core.domain.User</posterClass>
					<code>save</code>
					<cachedLabel><![CDATA[Parseur]]></cachedLabel>
					<cachedDescription/>
				</activity>
			</activities>
			<attachments/>
		</story>

		<story uid='4'>
			<state>1</state>
			<suggestedDate>2013-10-13 20:30:22</suggestedDate>
			<acceptedDate/>
			<estimatedDate/>
			<plannedDate/>
			<inProgressDate/>
			<doneDate/>
			<effort/>
			<value>0</value>
			<rank>0</rank>
			<creationDate>2013-10-13 20:30:22</creationDate>
			<type>0</type>
			<executionFrequency>1</executionFrequency>
			<name><![CDATA[Bac a sable ]]></name>
			<textAs/>
			<textICan/>
			<textTo/>
			<notes/>
			<description><![CDATA[Definir l'interface des wisapps( Affichage de texte, affichage de media et propositions)
Produire le template CSS a envoyer au WKD
fournir une interface de telechagement des outils( classes, CSS)]]></description>
			<tags><![CDATA[[wisapps]]]></tags>
			<creator uid='05992ed0a9053780220a069141f0c9e1'/>
			<feature uid='3'/>
			<actor />
			<dependsOn />
			<tasks/>
			<acceptanceTests/>
			<comments/>
			<activities>

				<activity id='4'>
					<dateCreated>2013-10-13 20:30:22</dateCreated>
					<posterId>6</posterId>
					<posterClass>org.icescrum.core.domain.User</posterClass>
					<code>save</code>
					<cachedLabel><![CDATA[Bac a sable ]]></cachedLabel>
					<cachedDescription/>
				</activity>
			</activities>
			<attachments/>
		</story>

		<story uid='9'>
			<state>1</state>
			<suggestedDate>2013-10-13 20:35:54</suggestedDate>
			<acceptedDate/>
			<estimatedDate/>
			<plannedDate/>
			<inProgressDate/>
			<doneDate/>
			<effort/>
			<value>0</value>
			<rank>0</rank>
			<creationDate>2013-10-13 20:35:54</creationDate>
			<type>0</type>
			<executionFrequency>1</executionFrequency>
			<name><![CDATA[Integrer une wisapps]]></name>
			<textAs/>
			<textICan/>
			<textTo/>
			<notes/>
			<description><![CDATA[Integrer une wisapps en vue d'une execution]]></description>
			<tags><![CDATA[[wisapps]]]></tags>
			<creator uid='05992ed0a9053780220a069141f0c9e1'/>
			<feature uid='2'/>
			<actor />
			<dependsOn />
			<tasks/>
			<acceptanceTests/>
			<comments/>
			<activities>

				<activity id='9'>
					<dateCreated>2013-10-13 20:35:54</dateCreated>
					<posterId>6</posterId>
					<posterClass>org.icescrum.core.domain.User</posterClass>
					<code>save</code>
					<cachedLabel><![CDATA[Integrer une wisapps]]></cachedLabel>
					<cachedDescription/>
				</activity>
			</activities>
			<attachments/>
		</story>

		<story uid='22'>
			<state>1</state>
			<suggestedDate>2013-10-13 20:50:48</suggestedDate>
			<acceptedDate/>
			<estimatedDate/>
			<plannedDate/>
			<inProgressDate/>
			<doneDate/>
			<effort/>
			<value>0</value>
			<rank>0</rank>
			<creationDate>2013-10-13 20:50:48</creationDate>
			<type>0</type>
			<executionFrequency>1</executionFrequency>
			<name><![CDATA[Recevoir des alertes]]></name>
			<textAs/>
			<textICan/>
			<textTo/>
			<notes/>
			<description/>
			<tags><![CDATA[[]]]></tags>
			<creator uid='05992ed0a9053780220a069141f0c9e1'/>
			<feature uid='10'/>
			<actor />
			<dependsOn />
			<tasks/>
			<acceptanceTests/>
			<comments/>
			<activities>

				<activity id='22'>
					<dateCreated>2013-10-13 20:50:48</dateCreated>
					<posterId>6</posterId>
					<posterClass>org.icescrum.core.domain.User</posterClass>
					<code>save</code>
					<cachedLabel><![CDATA[Recevoir des alertes]]></cachedLabel>
					<cachedDescription/>
				</activity>
			</activities>
			<attachments/>
		</story>

		<story uid='14'>
			<state>1</state>
			<suggestedDate>2013-10-13 20:43:02</suggestedDate>
			<acceptedDate/>
			<estimatedDate/>
			<plannedDate/>
			<inProgressDate/>
			<doneDate/>
			<effort/>
			<value>0</value>
			<rank>0</rank>
			<creationDate>2013-10-13 20:43:02</creationDate>
			<type>0</type>
			<executionFrequency>1</executionFrequency>
			<name><![CDATA[moteur de recherche]]></name>
			<textAs/>
			<textICan/>
			<textTo/>
			<notes/>
			<description><![CDATA[Creer des liens entre les donnees des apps et la recherche a l'aide des tags]]></description>
			<tags><![CDATA[[wisapps]]]></tags>
			<creator uid='05992ed0a9053780220a069141f0c9e1'/>
			<feature uid='9'/>
			<actor />
			<dependsOn />
			<tasks/>
			<acceptanceTests/>
			<comments/>
			<activities>

				<activity id='14'>
					<dateCreated>2013-10-13 20:43:02</dateCreated>
					<posterId>6</posterId>
					<posterClass>org.icescrum.core.domain.User</posterClass>
					<code>save</code>
					<cachedLabel><![CDATA[moteur de recherche]]></cachedLabel>
					<cachedDescription/>
				</activity>
			</activities>
			<attachments/>
		</story>

		<story uid='24'>
			<state>1</state>
			<suggestedDate>2013-10-13 20:55:29</suggestedDate>
			<acceptedDate/>
			<estimatedDate/>
			<plannedDate/>
			<inProgressDate/>
			<doneDate/>
			<effort/>
			<value>0</value>
			<rank>0</rank>
			<creationDate>2013-10-13 20:55:29</creationDate>
			<type>0</type>
			<executionFrequency>1</executionFrequency>
			<name><![CDATA[administration des datas]]></name>
			<textAs/>
			<textICan/>
			<textTo/>
			<notes/>
			<description><![CDATA[visualiser selon les criteres
editer les infos
statistiques
effectuer les test d'integrites sur des ensembles de donnees
datamining
configuration des rapports (formes, donnees, frequences d'envoi)]]></description>
			<tags><![CDATA[[]]]></tags>
			<creator uid='05992ed0a9053780220a069141f0c9e1'/>
			<feature uid='8'/>
			<actor />
			<dependsOn />
			<tasks/>
			<acceptanceTests/>
			<comments/>
			<activities>

				<activity id='24'>
					<dateCreated>2013-10-13 20:55:29</dateCreated>
					<posterId>6</posterId>
					<posterClass>org.icescrum.core.domain.User</posterClass>
					<code>save</code>
					<cachedLabel><![CDATA[administration des datas]]></cachedLabel>
					<cachedDescription/>
				</activity>
			</activities>
			<attachments/>
		</story>

		<story uid='15'>
			<state>1</state>
			<suggestedDate>2013-10-13 20:43:52</suggestedDate>
			<acceptedDate/>
			<estimatedDate/>
			<plannedDate/>
			<inProgressDate/>
			<doneDate/>
			<effort/>
			<value>0</value>
			<rank>0</rank>
			<creationDate>2013-10-13 20:43:52</creationDate>
			<type>0</type>
			<executionFrequency>1</executionFrequency>
			<name><![CDATA[shortlist]]></name>
			<textAs/>
			<textICan/>
			<textTo/>
			<notes/>
			<description><![CDATA[Extraire la liste des wisapps susceptibles d'executer la requete]]></description>
			<tags><![CDATA[[wisapps]]]></tags>
			<creator uid='05992ed0a9053780220a069141f0c9e1'/>
			<feature uid='9'/>
			<actor />
			<dependsOn />
			<tasks/>
			<acceptanceTests/>
			<comments/>
			<activities>

				<activity id='15'>
					<dateCreated>2013-10-13 20:43:52</dateCreated>
					<posterId>6</posterId>
					<posterClass>org.icescrum.core.domain.User</posterClass>
					<code>save</code>
					<cachedLabel><![CDATA[shortlist]]></cachedLabel>
					<cachedDescription/>
				</activity>
			</activities>
			<attachments/>
		</story>

		<story uid='8'>
			<state>1</state>
			<suggestedDate>2013-10-13 20:35:01</suggestedDate>
			<acceptedDate/>
			<estimatedDate/>
			<plannedDate/>
			<inProgressDate/>
			<doneDate/>
			<effort/>
			<value>0</value>
			<rank>0</rank>
			<creationDate>2013-10-13 20:35:01</creationDate>
			<type>0</type>
			<executionFrequency>1</executionFrequency>
			<name><![CDATA[Execution d'une wisapps]]></name>
			<textAs/>
			<textICan/>
			<textTo/>
			<notes/>
			<description><![CDATA[Executer une wisapps avec les parametres provenant de la requete de l'utilisateur]]></description>
			<tags><![CDATA[[wisapps]]]></tags>
			<creator uid='05992ed0a9053780220a069141f0c9e1'/>
			<feature uid='2'/>
			<actor />
			<dependsOn />
			<tasks/>
			<acceptanceTests/>
			<comments/>
			<activities>

				<activity id='8'>
					<dateCreated>2013-10-13 20:35:01</dateCreated>
					<posterId>6</posterId>
					<posterClass>org.icescrum.core.domain.User</posterClass>
					<code>save</code>
					<cachedLabel><![CDATA[Execution d'une wisapps]]></cachedLabel>
					<cachedDescription/>
				</activity>
			</activities>
			<attachments/>
		</story>

		<story uid='23'>
			<state>1</state>
			<suggestedDate>2013-10-13 20:53:50</suggestedDate>
			<acceptedDate/>
			<estimatedDate/>
			<plannedDate/>
			<inProgressDate/>
			<doneDate/>
			<effort/>
			<value>0</value>
			<rank>0</rank>
			<creationDate>2013-10-13 20:53:50</creationDate>
			<type>0</type>
			<executionFrequency>1</executionFrequency>
			<name><![CDATA[administration des wiseapps]]></name>
			<textAs/>
			<textICan/>
			<textTo/>
			<notes><![CDATA[http://localhost:8080/icescrum/p/9/story/save]]></notes>
			<description><![CDATA[visualiser selon critere( app, wdt, date, periode...)
supprimer/ assigner une categorie / tag/ recherche
statistiques ( performance des apps, nb telechargement...)
Effectuer des tests d'integrite sur le code
configurer des rapports ( formes, donnees, frequences d'envoi)]]></description>
			<tags><![CDATA[[]]]></tags>
			<creator uid='05992ed0a9053780220a069141f0c9e1'/>
			<feature uid='6'/>
			<actor />
			<dependsOn />
			<tasks/>
			<acceptanceTests/>
			<comments/>
			<activities>

				<activity id='23'>
					<dateCreated>2013-10-13 20:53:50</dateCreated>
					<posterId>6</posterId>
					<posterClass>org.icescrum.core.domain.User</posterClass>
					<code>save</code>
					<cachedLabel><![CDATA[administration des wiseapps]]></cachedLabel>
					<cachedDescription/>
				</activity>
			</activities>
			<attachments/>
		</story>

		<story uid='19'>
			<state>1</state>
			<suggestedDate>2013-10-13 20:49:20</suggestedDate>
			<acceptedDate/>
			<estimatedDate/>
			<plannedDate/>
			<inProgressDate/>
			<doneDate/>
			<effort/>
			<value>0</value>
			<rank>0</rank>
			<creationDate>2013-10-13 20:49:20</creationDate>
			<type>0</type>
			<executionFrequency>1</executionFrequency>
			<name><![CDATA[Inscription]]></name>
			<textAs/>
			<textICan/>
			<textTo/>
			<notes/>
			<description><![CDATA[Inscrire l'utilisateur( nom, telephone, mot de passe, l'email), possibilite via facebook et twitter. Il faut le numero de telephone pour la validation.]]></description>
			<tags><![CDATA[[wisapps]]]></tags>
			<creator uid='05992ed0a9053780220a069141f0c9e1'/>
			<feature uid='10'/>
			<actor />
			<dependsOn />
			<tasks/>
			<acceptanceTests/>
			<comments/>
			<activities>

				<activity id='19'>
					<dateCreated>2013-10-13 20:49:20</dateCreated>
					<posterId>6</posterId>
					<posterClass>org.icescrum.core.domain.User</posterClass>
					<code>save</code>
					<cachedLabel><![CDATA[Inscription]]></cachedLabel>
					<cachedDescription/>
				</activity>
			</activities>
			<attachments/>
		</story>

		<story uid='13'>
			<state>1</state>
			<suggestedDate>2013-10-13 20:41:11</suggestedDate>
			<acceptedDate/>
			<estimatedDate/>
			<plannedDate/>
			<inProgressDate/>
			<doneDate/>
			<effort/>
			<value>0</value>
			<rank>0</rank>
			<creationDate>2013-10-13 20:41:11</creationDate>
			<type>0</type>
			<executionFrequency>1</executionFrequency>
			<name><![CDATA[Generer un code de SMS]]></name>
			<textAs/>
			<textICan/>
			<textTo/>
			<notes/>
			<description><![CDATA[code correspondant au chand dans la base de donnees.]]></description>
			<tags><![CDATA[[wakidat]]]></tags>
			<creator uid='05992ed0a9053780220a069141f0c9e1'/>
			<feature uid='4'/>
			<actor />
			<dependsOn />
			<tasks/>
			<acceptanceTests/>
			<comments/>
			<activities>

				<activity id='13'>
					<dateCreated>2013-10-13 20:41:11</dateCreated>
					<posterId>6</posterId>
					<posterClass>org.icescrum.core.domain.User</posterClass>
					<code>save</code>
					<cachedLabel><![CDATA[Generer un code de SMS]]></cachedLabel>
					<cachedDescription/>
				</activity>
			</activities>
			<attachments/>
		</story>

		<story uid='10'>
			<state>1</state>
			<suggestedDate>2013-10-13 20:36:37</suggestedDate>
			<acceptedDate/>
			<estimatedDate/>
			<plannedDate/>
			<inProgressDate/>
			<doneDate/>
			<effort/>
			<value>0</value>
			<rank>0</rank>
			<creationDate>2013-10-13 20:36:37</creationDate>
			<type>0</type>
			<executionFrequency>1</executionFrequency>
			<name><![CDATA[Afficher une Wisapps]]></name>
			<textAs/>
			<textICan/>
			<textTo/>
			<notes/>
			<description/>
			<tags><![CDATA[[wisapps]]]></tags>
			<creator uid='05992ed0a9053780220a069141f0c9e1'/>
			<feature uid='2'/>
			<actor />
			<dependsOn />
			<tasks/>
			<acceptanceTests/>
			<comments/>
			<activities>

				<activity id='10'>
					<dateCreated>2013-10-13 20:36:37</dateCreated>
					<posterId>6</posterId>
					<posterClass>org.icescrum.core.domain.User</posterClass>
					<code>save</code>
					<cachedLabel><![CDATA[Afficher une Wisapps]]></cachedLabel>
					<cachedDescription/>
				</activity>
			</activities>
			<attachments/>
		</story>

		<story uid='11'>
			<state>1</state>
			<suggestedDate>2013-10-13 20:39:08</suggestedDate>
			<acceptedDate/>
			<estimatedDate/>
			<plannedDate/>
			<inProgressDate/>
			<doneDate/>
			<effort/>
			<value>0</value>
			<rank>0</rank>
			<creationDate>2013-10-13 20:39:08</creationDate>
			<type>0</type>
			<executionFrequency>1</executionFrequency>
			<name><![CDATA[Test d'integrites de donnees]]></name>
			<textAs/>
			<textICan/>
			<textTo/>
			<notes/>
			<description><![CDATA[Fournir des test REGEX et respectant les procedures verifier la pertinence]]></description>
			<tags><![CDATA[[wakidat]]]></tags>
			<creator uid='05992ed0a9053780220a069141f0c9e1'/>
			<feature uid='4'/>
			<actor />
			<dependsOn />
			<tasks/>
			<acceptanceTests/>
			<comments/>
			<activities>

				<activity id='11'>
					<dateCreated>2013-10-13 20:39:08</dateCreated>
					<posterId>6</posterId>
					<posterClass>org.icescrum.core.domain.User</posterClass>
					<code>save</code>
					<cachedLabel><![CDATA[Test d'integrites de donnees]]></cachedLabel>
					<cachedDescription/>
				</activity>
			</activities>
			<attachments/>
		</story>

		<story uid='7'>
			<state>1</state>
			<suggestedDate>2013-10-13 20:33:58</suggestedDate>
			<acceptedDate/>
			<estimatedDate/>
			<plannedDate/>
			<inProgressDate/>
			<doneDate/>
			<effort/>
			<value>0</value>
			<rank>0</rank>
			<creationDate>2013-10-13 20:33:58</creationDate>
			<type>0</type>
			<executionFrequency>1</executionFrequency>
			<name><![CDATA[Fonctions CRUD]]></name>
			<textAs/>
			<textICan/>
			<textTo/>
			<notes/>
			<description><![CDATA[Fournir une api d'acces au donnees via les classes.]]></description>
			<tags><![CDATA[[wisapps]]]></tags>
			<creator uid='05992ed0a9053780220a069141f0c9e1'/>
			<feature uid='2'/>
			<actor />
			<dependsOn />
			<tasks/>
			<acceptanceTests/>
			<comments/>
			<activities>

				<activity id='7'>
					<dateCreated>2013-10-13 20:33:58</dateCreated>
					<posterId>6</posterId>
					<posterClass>org.icescrum.core.domain.User</posterClass>
					<code>save</code>
					<cachedLabel><![CDATA[Fonctions CRUD]]></cachedLabel>
					<cachedDescription/>
				</activity>
			</activities>
			<attachments/>
		</story>

		<story uid='16'>
			<state>1</state>
			<suggestedDate>2013-10-13 20:44:49</suggestedDate>
			<acceptedDate/>
			<estimatedDate/>
			<plannedDate/>
			<inProgressDate/>
			<doneDate/>
			<effort/>
			<value>0</value>
			<rank>0</rank>
			<creationDate>2013-10-13 20:44:49</creationDate>
			<type>0</type>
			<executionFrequency>1</executionFrequency>
			<name><![CDATA[Tri]]></name>
			<textAs/>
			<textICan/>
			<textTo/>
			<notes/>
			<description><![CDATA[Ranger par pertinence( donnees, temps d'execution, congestion...)]]></description>
			<tags><![CDATA[[wisapps]]]></tags>
			<creator uid='05992ed0a9053780220a069141f0c9e1'/>
			<feature uid='9'/>
			<actor />
			<dependsOn />
			<tasks/>
			<acceptanceTests/>
			<comments/>
			<activities>

				<activity id='16'>
					<dateCreated>2013-10-13 20:44:49</dateCreated>
					<posterId>6</posterId>
					<posterClass>org.icescrum.core.domain.User</posterClass>
					<code>save</code>
					<cachedLabel><![CDATA[Tri]]></cachedLabel>
					<cachedDescription/>
				</activity>
			</activities>
			<attachments/>
		</story>

		<story uid='3'>
			<state>1</state>
			<suggestedDate>2013-10-13 20:23:24</suggestedDate>
			<acceptedDate/>
			<estimatedDate/>
			<plannedDate/>
			<inProgressDate/>
			<doneDate/>
			<effort/>
			<value>0</value>
			<rank>0</rank>
			<creationDate>2013-10-13 20:23:24</creationDate>
			<type>0</type>
			<executionFrequency>1</executionFrequency>
			<name><![CDATA[Soumission des donnees IHM]]></name>
			<textAs/>
			<textICan/>
			<textTo/>
			<notes/>
			<description><![CDATA[Selectionner la structure de donnees a update
formulaire de saisie de donnee adapte
possibilite d'exporter le formulaire vers word excel
Zone d'alerte ou d'informations ( duplication de donnees....)
]]></description>
			<tags><![CDATA[[ihm]]]></tags>
			<creator uid='05992ed0a9053780220a069141f0c9e1'/>
			<feature uid='4'/>
			<actor />
			<dependsOn />
			<tasks/>
			<acceptanceTests/>
			<comments/>
			<activities>

				<activity id='3'>
					<dateCreated>2013-10-13 20:23:24</dateCreated>
					<posterId>6</posterId>
					<posterClass>org.icescrum.core.domain.User</posterClass>
					<code>save</code>
					<cachedLabel><![CDATA[Soumission des donnees IHM]]></cachedLabel>
					<cachedDescription/>
				</activity>
			</activities>
			<attachments/>
		</story>

		<story uid='18'>
			<state>1</state>
			<suggestedDate>2013-10-13 20:46:48</suggestedDate>
			<acceptedDate/>
			<estimatedDate/>
			<plannedDate/>
			<inProgressDate/>
			<doneDate/>
			<effort/>
			<value>0</value>
			<rank>0</rank>
			<creationDate>2013-10-13 20:46:48</creationDate>
			<type>0</type>
			<executionFrequency>1</executionFrequency>
			<name><![CDATA[Coeur de l'execution]]></name>
			<textAs/>
			<textICan/>
			<textTo/>
			<notes/>
			<description><![CDATA[envoyer les parametres de l'execution au wisapp selectionne]]></description>
			<tags><![CDATA[[wisapps]]]></tags>
			<creator uid='05992ed0a9053780220a069141f0c9e1'/>
			<feature uid='9'/>
			<actor />
			<dependsOn />
			<tasks/>
			<acceptanceTests/>
			<comments/>
			<activities>

				<activity id='18'>
					<dateCreated>2013-10-13 20:46:48</dateCreated>
					<posterId>6</posterId>
					<posterClass>org.icescrum.core.domain.User</posterClass>
					<code>save</code>
					<cachedLabel><![CDATA[Coeur de l'execution]]></cachedLabel>
					<cachedDescription/>
				</activity>
			</activities>
			<attachments/>
		</story>
	</stories>
	<cliches/>
	<productOwners>
		<user uid='05992ed0a9053780220a069141f0c9e1'>
			<id>6</id>
			<username>patrick.ehode</username>
			<password>dfc18fc91fc8cefdbabf3628140d7ac07a09554847ebd7313d36355a5957e025</password>
			<email>pehode@gmail.com</email>
			<dateCreated>2013-10-13 19:25:37</dateCreated>
			<enabled>true</enabled>
			<accountExpired>false</accountExpired>
			<accountLocked>false</accountLocked>
			<passwordExpired>false</passwordExpired>
			<accountExternal>false</accountExternal>
			<lastName><![CDATA[Ehode]]></lastName>
			<firstName><![CDATA[Patrick]]></firstName>
			<preferences>
				<language><![CDATA[en]]></language>
				<activity><![CDATA[Core team]]></activity>
				<filterTask><![CDATA[allTasks]]></filterTask>
				<menu><![CDATA[[project:1, sprintPlan:6, releasePlan:5, backlog:3, sandbox:2, timeline:4]]]></menu>
				<menuHidden><![CDATA[[feature:2, actor:1]]]></menuHidden>
				<hideDoneState><![CDATA[false]]></hideDoneState>
			</preferences>
			<teams>
				<team uid='867dfc6aa07648e1e47ca7b9b26664f6'/>
			</teams>
		</user>
		<user uid='f0fc77cf4aa37db86281a2c48d2813ee'>
			<id>7</id>
			<username>patrick.kom</username>
			<password>3efbb44b74f466ceccfed9e1a3f5c7e68ba858fc8d7480cdc395718c7f827934</password>
			<email>komp76@gmail.com</email>
			<dateCreated>2013-10-13 19:35:17</dateCreated>
			<enabled>true</enabled>
			<accountExpired>false</accountExpired>
			<accountLocked>false</accountLocked>
			<passwordExpired>false</passwordExpired>
			<accountExternal>false</accountExternal>
			<lastName><![CDATA[Kom]]></lastName>
			<firstName><![CDATA[patrick]]></firstName>
			<preferences>
				<language><![CDATA[en]]></language>
				<activity><![CDATA[]]></activity>
				<filterTask><![CDATA[allTasks]]></filterTask>
				<menu><![CDATA[[project:1, sprintPlan:6, releasePlan:5, backlog:3, sandbox:2, timeline:4]]]></menu>
				<menuHidden><![CDATA[[feature:2, actor:1]]]></menuHidden>
				<hideDoneState><![CDATA[false]]></hideDoneState>
			</preferences>
			<teams>
				<team uid='867dfc6aa07648e1e47ca7b9b26664f6'/>
			</teams>
		</user>
		<user uid='029ab5b5f66137077b68ae91e4ec9df5'>
			<id>8</id>
			<username>martinien.olinga</username>
			<password>3efbb44b74f466ceccfed9e1a3f5c7e68ba858fc8d7480cdc395718c7f827934</password>
			<email>martinien.olinga@gmail.com</email>
			<dateCreated>2013-10-13 19:36:07</dateCreated>
			<enabled>true</enabled>
			<accountExpired>false</accountExpired>
			<accountLocked>false</accountLocked>
			<passwordExpired>false</passwordExpired>
			<accountExternal>false</accountExternal>
			<lastName><![CDATA[Olinga]]></lastName>
			<firstName><![CDATA[Martinien]]></firstName>
			<preferences>
				<language><![CDATA[en]]></language>
				<activity><![CDATA[]]></activity>
				<filterTask><![CDATA[allTasks]]></filterTask>
				<menu><![CDATA[[project:1, sprintPlan:6, releasePlan:5, backlog:3, sandbox:2, timeline:4]]]></menu>
				<menuHidden><![CDATA[[feature:2, actor:1]]]></menuHidden>
				<hideDoneState><![CDATA[false]]></hideDoneState>
			</preferences>
			<teams>
				<team uid='867dfc6aa07648e1e47ca7b9b26664f6'/>
			</teams>
		</user>
		<user uid='cf22f25aa470032e37c3e281efa97ddc'>
			<id>9</id>
			<username>larissa.monthe</username>
			<password>3efbb44b74f466ceccfed9e1a3f5c7e68ba858fc8d7480cdc395718c7f827934</password>
			<email>youako@gmail.com</email>
			<dateCreated>2013-10-13 19:36:35</dateCreated>
			<enabled>true</enabled>
			<accountExpired>false</accountExpired>
			<accountLocked>false</accountLocked>
			<passwordExpired>false</passwordExpired>
			<accountExternal>false</accountExternal>
			<lastName><![CDATA[Monthe]]></lastName>
			<firstName><![CDATA[Larissa]]></firstName>
			<preferences>
				<language><![CDATA[en]]></language>
				<activity><![CDATA[]]></activity>
				<filterTask><![CDATA[allTasks]]></filterTask>
				<menu><![CDATA[[project:1, sprintPlan:6, releasePlan:5, backlog:3, sandbox:2, timeline:4]]]></menu>
				<menuHidden><![CDATA[[feature:2, actor:1]]]></menuHidden>
				<hideDoneState><![CDATA[false]]></hideDoneState>
			</preferences>
			<teams/>
		</user>
	</productOwners>
	<attachments/>
</product>
</export>